id;Imagem;Autor;Descricao;
1;https://raw.githubusercontent.com/Anyelag/Imagens_Justica/refs/heads/main/close-up-justice-statue.jpg;Lorem Ipsum 1;Lorem ipsum dolor sit amet, consectetur adipiscing elit. Integer in elit diam. Aenean id augue ipsum. Suspendisse eu orci ex. Sed feugiat ex tempus metus commodo.; 
2;https://raw.githubusercontent.com/Anyelag/Imagens_Justica/refs/heads/main/facade-stock-exchange-with-classical-architecture.jpg;Lorem Ipsum 2;Eget rutrum leo tincidunt. Integer accumsan ultrices justo fermentum imperdiet. Suspendisse vehicula tempus eros, vel euismod erat blandit et. Praesent sollicitudin tempor sem, eu malesuada augue malesuada in. Sed vehicula efficitur posuere. Etiam eu faucibus eros, eu porttitor neque. Nulla a feugiat massa, eu posuere urna. ;
3;http://raw.githubusercontent.com/Anyelag/Imagens_Justica/refs/heads/main/gavel-law-book.jpg;Lorem Ipsum 3;Duis sit amet tempus sapien. Proin sollicitudin odio at arcu tincidunt, at elementum nulla tempor. Curabitur quis nunc lacus. Phasellus ultricies, odio ullamcorper blandit vestibulum, felis tellus aliquam diam, ac vehicula tellus mi vitae velit.;
4;https://raw.githubusercontent.com/Anyelag/Imagens_Justica/refs/heads/main/greek-busts-temple.jpg;Lorem Ipsum 4;Vestibulum gravida id ipsum sit amet pulvinar. Aenean nisl mauris, pretium quis nunc id, ultricies sagittis sapien. Mauris elementum turpis sed arcu cursus ultricies. Cras lacus neque, sollicitudin sit amet semper at, faucibus a dui. Integer odio dui, laoreet a sapien in, imperdiet congue lorem. Duis auctor, nisl non luctus ultricies, ex ipsum pellentesque nunc, ac mattis turpis nulla fringilla neque. Aliquam a posuere libero. ;
5;https://raw.githubusercontent.com/Anyelag/Imagens_Justica/refs/heads/main/ChatGPT%20Image%2010%20de%20set.%20de%202025%2C%2017_32_18.png;Lorem Ipsum 5;Aenean eleifend ex nec dictum aliquam. Quisque quis sollicitudin magna. Nam blandit elit vel fringilla ornare. Mauris fringilla eleifend dolor, ut bibendum mauris condimentum ac. ;
6;https://raw.githubusercontent.com/Anyelag/Imagens_Justica/refs/heads/main/neo-classical-courthouse-facade-illuminated-night-generated-by-ai.jpg;Lorem Ipsum 6;Vivamus pretium sagittis quam, quis scelerisque urna commodo et. Aliquam vitae arcu felis. Nam malesuada feugiat metus eu posuere. Fusce cursus ipsum in quam laoreet, quis consectetur erat dignissim. In quis facilisis neque, sed auctor leo. Proin nec lorem nec metus placerat sagittis ut a enim. Ut eu ullamcorper lorem, vel pretium enim. Phasellus ac elit a sem tempor fermentum. ;
7;https://raw.githubusercontent.com/Anyelag/Imagens_Justica/refs/heads/main/neo-classical-courthouse-facade-illuminated-night-generated-by-ai.jpg;Lorem Ipsum 7;Mauris a mattis eros. Integer rutrum laoreet tortor, sed luctus libero gravida id. Aenean nunc nisl, pretium vel hendrerit ac, ornare et risus. Sed aliquam felis in justo pulvinar feugiat. ;
8;https://raw.githubusercontent.com/Anyelag/Imagens_Justica/refs/heads/main/still-life-with-scales-justice.jpg;Lorem Ipsum 8; Fusce finibus velit a nibh ullamcorper ultrices eget eget odio. Duis pharetra lectus vel erat venenatis, sit amet cursus nisl tincidunt. Proin volutpat at ligula eu lobortis. Nunc nec venenatis ex. Quisque euismod sem a libero commodo tincidunt. Proin ac pellentesque arcu. Etiam commodo consequat lacinia.;
9;https://raw.githubusercontent.com/Anyelag/Imagens_Justica/refs/heads/main/Memoria%20Institucional-2.jpg;Lorem Ipsum 9;Mauris fermentum neque porta dolor convallis porttitor. Nulla facilisi. Nulla dignissim dignissim nibh, vel tempus mi placerat sit amet. Curabitur sed tristique justo. ;
